{
  "transactions": [
    {
      "type": "入款",
      "amount": 500.0,
      "timestamp": "07:20:37",
      "user_id": 7038073206,
      "username": "lanyangyang350"
    },
    {
      "type": "入款",
      "amount": 1000.0,
      "timestamp": "07:17:56",
      "user_id": 7038073206,
      "username": "lanyangyang350"
    },
    {
      "type": "入款",
      "amount": 200.0,
      "timestamp": "07:17:19",
      "user_id": 7038073206,
      "username": "lanyangyang350"
    },
    {
      "type": "入款",
      "amount": 100.0,
      "timestamp": "07:17:05",
      "user_id": 6327056423,
      "username": "duidui999"
    },
    {
      "type": "下发",
      "amount": 100.0,
      "timestamp": "07:16:32",
      "user_id": 7038073206,
      "username": "lanyangyang350"
    },
    {
      "type": "入款",
      "amount": 500.0,
      "timestamp": "07:16:16",
      "user_id": 7038073206,
      "username": "lanyangyang350"
    }
  ],
  "total_in": 2300.0,
  "total_out": 100.0,
  "users": {},
  "timezone": "UTC"
}