{
  "operators": [
    "timotimo666"
  ],
  "level1_users": {
    "smpay01": {
      "username": "smpay01",
      "authorized_by": "timotimo666",
      "authorized_date": "2024-11-13 23:14:11 +0800",
      "expiry_time": "2024-12-13 23:14:11 +0800",
      "group_ids": []
    },
    "yang_11234": {
      "username": "yang_11234",
      "authorized_by": "timotimo666",
      "authorized_date": "2024-11-14 11:20:55 +0700",
      "expiry_time": "2024-11-15 11:20:55 +0700",
      "group_ids": []
    },
    "lanyangyang350": {
      "username": "lanyangyang350",
      "authorized_by": "timotimo666",
      "authorized_date": "2024-11-14 17:47:15 +0800",
      "expiry_time": "2024-12-14 17:47:15 +0800",
      "group_ids": []
    }
  },
  "level2_users": {
    "mrbot666": {
      "username": "mrbot666",
      "authorized_by": "yang_11234",
      "authorized_date": "2024-11-14 11:21:07 +0700",
      "expiry_time": "2024-11-15 11:20:55 +0700"
    },
    "duidui999": {
      "username": "duidui999",
      "authorized_by": "smpay01",
      "authorized_date": "2024-11-15 00:27:30 +0800",
      "expiry_time": "2024-12-13 23:14:11 +0800"
    }
  },
  "usdt_rate": 0
}